{
    "people":[{"name":"Alec",
        "lname":"Templeton",
            "relation":"Brother"
        },
        {"name":"Adam",
        "lname":"Templeton",
            "relation":"Brother"
        },
        {"name":"Anna",
        "lname":"Templeton",
            "relation":"Sister"
        },
        {"name":"Todd",
        "lname":"Templeton",
            "relation":"Father"
        },
        {"name":"Heidi",
        "lname":"Templeton",
            "relation":"Mother"            
        },
        {"name":"Dallas",
        "lname":"Templeton",
            "relation":"Spouse"            
        },
        {"name":"Josh",
        "lname":"Wagstaff",
            "relation":"Friend"            
        },
        {"name":"Tanner",
        "lname":"Aiken",
            "relation":"Friend"            
        },
        {"name":"Taylor",
        "lname":"Moore",
            "relation":"Friend"            
        },
        {"name":"Connor",
        "lname":"Weston",
            "relation":"Friend"            
        },
        {"name":"Cole",
        "lname":"Butcer",
            "relation":"Friend"            
        },
        {"name":"Jason",
        "lname":"Woffinden",
            "relation":"Friend"            
        }]
}